id,gender,feature_1,feature_2,feature_3,feature_4,feature_5,feature_6,feature_7,feature_8,feature_9,feature_10,feature_11,feature_12,feature_13,feature_14,feature_15,feature_16,feature_17,feature_18,feature_19,feature_20,feature_21,feature_22,feature_23,feature_24,feature_25,feature_26,feature_27,feature_28,feature_29,feature_30,feature_31,feature_32,feature_33,feature_34,feature_35,feature_36,feature_37,feature_38,feature_39,feature_40,feature_41,feature_42,feature_43,feature_44,feature_45,feature_46,feature_47,feature_48,feature_49,feature_50,feature_51,feature_52,feature_53,feature_54,feature_55,feature_56,feature_57,feature_58,feature_59,feature_60,feature_61,feature_62,feature_63,feature_64,feature_65,feature_66,feature_67,feature_68,feature_69,feature_70,feature_71,feature_72
810103224,male,-456.04555486194545,142.1097440817686,-10.081760322377955,11.358435913477873,-5.563454009261692,-14.229977652395934,-14.564093674000848,-11.849204963338758,-17.560919429598076,-11.881929801252284,-7.330386694324764,-7.841828765884145,-3.7900314927796432,964.8996429088936,933.9402688452119,27.804277119555866,15.238820920117831,18.89264752282811,16.586492597709487,18.4715033856395,32.39913722661595,32.06822958566243,0.08203033955286602,0.010797265966972426,-217.5489273071289,242.91015243530273,53.15725612640381,102.8261661529541,41.97093963623047,47.15020561218262,25.008392810821533,37.12199020385742,25.443330764770508,23.996366024017334,23.543757915496826,22.49350070953369,23.896656036376953,3875.8367688608582,2437.8883175830233,69.55315591775832,39.29989174928522,42.520212045036395,35.60544374310543,40.57838880947119,59.30258330448484,62.82003820979204,0.4749755859375,0.06672734953463072,64.37146195563486,36.98909961103496,21.331245559954887,24.578386207096116,15.750192590965696,15.208744409760547,14.498916877183047,12.75123810843521,13.925118305628379,10.361926745809757,8.885047252873346,9.062490992956628,7.4115437793153,447.0376546391402,307.4553721108331,5.496304071906604,5.4844022920507225,5.5108279882000355,3.4066211912741595,3.4377430345797584,10.979426777708849,11.92441053188124,0.046320611652475696,0.010187334498330175
810101503,male,-271.47226835481797,124.52759164819258,-53.45565420233972,13.359364947561886,-28.947255088683836,-21.030226148705204,-34.10201807817404,-23.920913950030446,-23.523998280499253,-13.489818198212884,-18.02133996260936,-11.166509856663083,-13.967447755918545,1344.79280118538,1108.6463524326364,31.467896206466126,14.951926914954365,18.258432517658328,16.160990056447655,18.075643213555136,23.783433448186283,40.26922689032467,0.11666275638391997,0.03665730728214435,-63.58408546447754,216.79545211791992,25.569724082946777,92.07378196716309,19.309052750468254,30.205972671508786,11.704214811325073,19.180782318115234,12.782644271850588,26.864678859710693,11.311336517333984,18.929486513137817,14.713399291038513,4015.735268347081,2282.382287078807,64.4566173631421,36.15131496127975,39.59041702462321,33.37038217622863,33.49340275226456,49.427925612254526,60.28908260742848,0.4947509765625,0.20743597485125062,59.721741417731664,43.2690021656789,25.50522393452938,23.908335307208223,14.505291168435354,15.442688066766213,13.825292311126129,12.159106612060555,10.306104449276297,10.791177331186896,8.915667696258547,7.628001255757283,7.518896508879454,604.3438866746877,343.25015880130786,4.797961282523985,4.448340516799053,4.304548847040396,3.122735876331832,2.781055691715398,5.80902333371027,6.761689740683502,0.06537523004798633,0.023540228441418475
810899073,male,-324.2146508472843,120.30122948141407,-46.57659360743696,18.67648585429941,-20.602945448712614,-30.306611703196552,-14.825075143382952,-22.003343069160948,-7.613384944310703,-5.863631996618182,-9.984185239202718,-9.411506469608533,-13.284119533423606,1257.1733733925557,1001.6995473411686,29.335895479922012,16.207683557799296,18.97255620740569,17.57231877287381,18.553475983104146,38.28597284066827,30.71898480758844,0.107042591804229,0.03728434611924267,-112.45931752522786,208.19202677408853,38.60675303141276,115.68875885009766,28.844757080078125,29.8478520711263,29.339155832926433,24.92480532328288,29.444127400716145,32.30950736999512,20.440799713134766,17.3030522664388,11.999264081319174,3551.849832552569,2276.30499631024,60.77105452949061,39.14792628017877,39.89745604047595,34.773708603363474,32.09934687318802,61.05612116016266,61.41415668788705,0.40380859375,0.2058753818273544,101.99221215014666,41.79313978578298,38.5651121289969,28.996818830897734,20.244345525461956,18.927659928943765,13.459270507927469,16.79884950956631,12.21444230659443,11.844292019838838,9.669133493241292,8.364280793611467,9.23225729661401,396.09244603263716,255.51676540888207,5.197175374453837,4.772259454003243,4.750910799559512,3.4947119263752504,2.880271494612217,10.47985284507976,10.422095351045549,0.0464640867252225,0.03564950625290313
810103054,male,-455.6321623941201,111.198228225902,-36.39515272253557,22.66164656724667,-15.54877750698142,-10.143569763790614,-23.270572254974713,-23.032490397644196,-8.546285536542213,-13.997378101394423,-12.235134382504324,-10.799816019397198,-9.3003791384156,1285.3162490386321,1149.3640779861062,29.363540784976056,16.928722869047924,18.779014998090943,16.00672164141079,18.778281900068528,31.487788823160763,34.28196997704069,0.10603728355141954,0.007906531200966651,-210.76966094970703,208.88201904296875,39.657339096069336,120.29815673828125,37.49263572692871,44.726009368896484,19.561161041259766,38.52898597717285,36.05918312072754,25.275370597839355,18.92062759399414,24.21674919128418,25.188339233398438,3967.6598769007087,2337.226007595588,77.66691725037246,41.60620078642084,44.5450382087613,35.60971468212115,37.08750487208707,61.50369189898289,62.833875713613594,0.469482421875,0.05039448477327815,65.1479057316925,34.335660624105444,21.607747809444994,26.307049090795,16.182763048438666,13.145932948702278,15.466150583700815,15.149639438686371,13.053565617345257,11.861105707302784,8.064139688497452,8.678874207738119,8.728132809557312,494.1027928932832,260.1912135423479,6.738307047515721,6.159726805835662,5.7966929709413035,3.5957184006155907,3.4596557368464844,10.377033642385234,11.38474848139324,0.06461064711072631,0.0062637382995644995
810103262,male,-387.79911847509265,95.19302378506863,-22.10331498279617,16.329885828157536,-11.554805083383005,-33.310427887888785,-26.742505218091715,-25.629614710765573,-21.406522004725417,-11.747621916118458,-8.578722681068589,-9.333949220619576,-7.590303644556805,1079.4473258487274,897.4281875057113,31.56882879128173,20.50730064839002,23.49977547791324,19.371360449707296,21.220367530109243,37.54225856836469,28.71403722394811,0.09734951875072052,0.04621343359434552,-155.38809661865236,208.12414245605464,69.91387557983398,125.14215393066407,51.26842193603515,28.505229187011718,22.756245040893553,32.86178092956543,24.66085720062256,27.08195552825928,24.59618034362793,22.718595886230467,24.134764099121092,3886.767628863555,2204.743603527867,62.929174513646295,44.917022968123774,45.90257861077604,38.039898343947115,43.811871295166824,63.13026101415625,58.63974265223694,0.48544921875,0.21520500183105465,103.14350157033945,57.39454000236583,35.811791954624496,34.882101682692586,19.936816523259182,23.9566086441751,18.369753770349064,18.207645197471855,15.731651779398879,13.650564069418715,10.03790462171131,10.637352015293661,10.585866133003753,515.7705354440038,326.68040622168525,6.771829800328241,7.315095798646712,6.850289239730623,4.849191113329747,4.238497848847818,11.59254413447915,10.076391082359814,0.06127744686671134,0.039398287675691056
159403005,male,-354.0935132637496,126.61038392402632,-42.78812063843222,-0.9123710019173045,-17.726690339708068,-27.047657810737007,-29.509537588758878,-29.632703106721383,-13.019091128492073,-20.158712590015185,-23.19455953834405,-12.065036871556847,-13.218342490332992,1088.0713590638022,932.6051057684903,31.2550656010423,17.918666016220126,19.376149902752037,17.41419649949144,21.286598430963853,36.132137531049544,30.354919792674636,0.08916530543014756,0.03106051849882995,-86.29466692606609,218.60496520996094,47.50333118438721,87.99957911173503,42.71798292795817,31.45368989308675,24.30992062886556,15.92786169052124,29.98542849222819,28.876577695210774,13.44059189160665,22.190418243408203,18.35102415084839,3665.557364876458,2054.3284803616175,70.7491046005856,47.0198266657573,46.99439710537704,37.12213331745037,46.58898390100418,62.387934935717034,56.88312249407178,0.4628092447916667,0.1857226192951202,83.03336647088777,41.38301034019786,29.608222603116516,24.205030622753537,16.089249978596257,14.81820894895566,14.004042360959206,15.404856496837056,11.39889469305224,12.04091605437523,9.517274502239154,8.197281360226638,7.958288497789432,380.5249137792184,246.74884205407523,4.914688336887395,5.763074959015057,5.522980266481059,4.047288397226878,4.291940031174939,9.800564399859757,10.15763947893212,0.046582957983794394,0.02590253090902485
810101420,male,-333.0385242945385,123.28653211608814,-41.50642693486155,17.04791425786714,-20.696006462689628,-22.256546306306767,-28.169927801480146,-19.247765475636108,-11.941252222617798,-16.213506427882397,-7.2756305527533724,-4.8279180926997025,-8.718480256265927,1273.6743138392449,1045.3854719778024,31.422248450705435,16.630593773161436,19.74597834352266,16.962280418490884,19.710972405881513,29.658486545643722,36.15636417207389,0.11186717664271678,0.02956868673302115,-130.37115478515625,220.61661529541016,69.35385608673096,114.79155731201172,53.16107654571533,46.00268268585205,21.914185047149658,32.38694524765015,26.419418334960938,22.768346786499023,27.274913787841797,28.965517044067383,23.69679832458496,4350.050307614791,2314.765123416032,68.18531987662365,41.465842806935584,43.17999141270151,35.83588235396885,44.644689450262675,62.12105254737417,61.378075332966304,0.5552978515625,0.15954332426190374,87.6508390028775,50.64167517174336,33.52648239236274,28.10647481134077,19.68141769852778,17.754197212551396,15.698827803075236,14.563681927994683,12.745999264277536,12.36474656577664,9.576119005327914,8.974165062259619,9.753315237644697,606.4921996663414,333.61752053177054,5.72245062092426,5.36232539548193,5.239687950733492,3.634967400323197,3.580047314214247,8.3050637459396,9.131275661915755,0.07351471216386007,0.022848317464771176
810202047,male,-355.7541606395199,132.04118848860668,-45.463385124084134,18.964298770425785,-26.765063965904115,-7.216855131383551,-24.45208830043072,-20.950244180611758,-11.308102120123271,-19.829311643082946,-7.844115246155952,-15.40899378726638,-10.945273685957597,1174.2948367639044,1013.3158653721804,29.714454468983813,16.852867849206856,19.04164703530443,17.2727881041994,20.015354769637337,38.27092340628845,29.743893676837683,0.0960877175558434,0.026710071121602872,-137.335941859654,226.93218994140625,60.58307211739676,114.37782505580357,29.11916787283761,42.80540411812918,23.33540412357875,21.334606443132675,21.45193099975586,18.90975202832903,21.690346036638534,14.343119689396449,13.87952709197998,3637.0256605031996,2076.3660533259567,61.26600432237882,37.39022413270173,39.922055775703335,36.61368664822131,37.17643388363407,60.157209200737746,57.06961002002379,0.4501255580357143,0.11729212424584792,107.42434929567698,45.2928162701773,35.92126436884807,29.455862745537672,20.275803656655906,13.180543351330503,15.470906962252654,12.715759832586476,12.094404019791682,12.649334080942129,10.68762567866578,8.880446506607605,8.061836563427144,482.4139966556841,271.5935054216139,5.559302641846281,5.558974717715629,5.30761110028648,4.1328769081460885,3.5863700722137746,10.804745048933162,10.996688367345104,0.05942445587060515,0.02007312095541003
810103092,male,-453.03441810477756,121.33303399908725,-20.625148608694868,26.49540377440503,-30.764751384588426,-19.700422285307294,-18.022469142779055,-30.73563090035987,-13.57872969889832,-11.671685023212794,-5.846745950582586,-2.478393643274401,-10.471876661762447,1254.3883337323246,1032.9050235760087,28.445179805085257,15.550854859501328,18.5906677524931,16.570896025322956,16.929862464400234,41.067318976603524,26.842699166032602,0.12176015640808834,0.011648558355054567,-235.6497039794922,219.3108927408854,43.942892710367836,120.4670181274414,23.712186813354492,46.57714335123698,20.094098409016926,19.75350522994995,19.692664464314777,23.1103458404541,28.64118194580078,22.645817438761394,16.935675621032715,3866.3956936708105,2001.8943522665923,62.920963382310276,36.190716743751956,38.281000782357765,32.7400016384038,32.786343292865105,61.53732789288561,55.17823407304157,0.4879557291666667,0.059128260860840436,93.65271455019219,53.4899341150391,24.625845737950097,33.01283244418162,20.56177320394909,17.81854203491824,13.797621342302202,16.086812668749022,10.953431460489432,10.485308568158581,9.552996947316146,8.04347366813761,8.647410989023113,649.1177625366685,292.1724224949976,6.901176151028267,5.380492974373683,4.8580800894294365,3.311081260934241,2.630770451595492,10.930556965830078,11.55985352388152,0.0778448487559483,0.0095204781796945
610300017,male,-309.4923684110011,103.34447486218232,-42.64743090377751,14.742539031002154,-24.24126406261709,-11.337741527443072,-15.645379676985176,-34.62256255557002,-11.322285678213849,-7.826390440719945,-11.71166102493575,-14.148856805407926,-14.73986170514306,1367.5946424343592,1107.3044863602463,31.87007782574536,18.074051786055207,19.917475930029013,18.16104304778231,18.792945601978467,37.16127362338726,35.241522023603416,0.1199542535647654,0.0430897700397029,-92.09052276611328,227.42083740234372,51.02391815185547,101.08599853515624,30.35218811035156,43.24396514892578,25.762958526611328,18.687618255615234,25.762836456298828,27.837026596069336,19.34357261657715,19.136289596557617,13.660985946655272,4351.832792697246,2384.702008408884,75.36061905032021,41.26788205924788,41.8353232971601,37.56486006881236,34.88629282864552,67.91243615022955,61.557517216460816,0.52783203125,0.2630335390567779,94.14303281488117,44.18387906522027,33.54116812106086,28.66042518527151,19.093111869643856,14.90005316222267,14.524427584800636,18.21059199296001,12.436989226828503,12.505731639787548,9.29963951851787,8.585032106702487,9.707630164775289,547.4483633350524,287.12687309267125,5.79277063011971,6.683505591671491,6.072297498522007,4.31292127347891,3.4606169104915114,11.483770286386804,10.29204069811671,0.0710585746058987,0.0399295753900385
810100261,male,-434.76353103336606,87.30548517479662,-41.20591424411461,22.805589153588006,-8.861229905947463,-18.072196809559117,-19.342147790297528,-15.491520378626973,-5.1235100672905265,-12.627037393981789,-4.647754850624414,2.1861177974485813,-11.450673542857714,1461.1830312331197,1040.7308215073997,29.42828431789329,18.50649101017355,21.21232588068602,18.433553866657856,22.04874599221335,46.33404853417154,26.630030972306574,0.13720901969932678,0.016901817440655335,-133.3670399983724,200.29497782389322,63.00059127807617,145.3527628580729,58.376312255859375,48.35327911376953,36.8782107035319,57.12920633951823,38.994808197021484,32.48119990030924,34.023877461751304,39.563863118489586,31.2430903116862,4517.982525899976,2418.256546351194,65.31464448248289,43.96900728968087,42.66904994613551,38.65003415406574,42.85331619382425,65.41486954386532,63.75657822340791,0.5948893229166666,0.14239825308322904,119.2321453605353,53.0203362614559,47.32473781201387,39.16898918259353,21.558716325028627,20.595699581072747,19.36045140521825,20.968726470006462,15.686905970136513,15.888349523597043,11.382992288144072,10.67820238488119,11.790155498889243,586.4043953615154,283.5506912363202,6.834716919361392,5.928400526449825,6.3470298485863355,4.499026806379228,5.063273249787906,11.538668221876378,12.112158858297782,0.07620687043167436,0.018807120234225667
810103146,male,-566.6819309600164,125.84445751907299,-26.550127922007018,19.07750388370299,-17.238957807408003,-16.381395804787363,-10.381327049712503,-26.16072592406462,-18.487361096028305,-7.742253474129977,-14.741149530929178,-8.315206259010528,-10.082760982228754,1149.8370044066346,1032.7624407672927,29.325094658006833,15.924784093392129,18.879105613491117,16.757746025863874,17.632050753702458,38.498784774657885,28.002114333867045,0.09154938495789333,0.0025682401660644667,-366.93695068359375,220.89632161458334,58.27152633666992,106.6734619140625,41.25841267903646,41.76405461629232,38.597737630208336,28.068979899088543,25.028046290079754,39.88570785522461,20.58686129252116,23.432376861572266,18.543099721272785,4011.6544811443673,2352.9089080098142,65.50266935424706,40.416106820099,45.58911535935314,39.13736988423858,56.86050273360905,63.296929316957794,62.92392972469731,0.51025390625,0.016523956321179797,74.63866764933509,41.47230391252373,29.503168019348053,26.543643222342876,17.8557161693907,16.40234584636056,14.092419123652567,16.859577833615923,13.346752504579017,11.46615096573435,9.43566100512315,7.657652496420194,7.735371060078066,502.3508193904174,326.86153452556886,5.1861630194601,5.2426871989165145,5.122809485146258,3.8200688282861712,3.463872335445549,12.666842090258188,12.202079603610883,0.056192701655421805,0.0020148168608157
810103140,male,-205.7087775149827,142.68633956504712,-70.13419553258595,6.792712549890768,-27.616949792853543,-7.926915261141862,-17.924182406759723,-19.58740448336599,-11.373395122582092,-9.422510291587928,-12.110943976126991,-12.757860666507202,-8.044524512511593,1304.7647903816303,962.8466786560992,28.85367121053296,15.609577260174635,17.486960657644506,16.533927535026713,18.423028635414237,28.83183637624329,34.8218675779568,0.1257216478231654,0.0795982847158934,19.48484992980957,240.21658325195312,5.986968040466309,92.01277160644533,20.267072677612305,50.782020568847656,17.45294952392578,32.934600830078125,24.450714111328125,23.01765251159668,19.02191162109375,9.457670211791992,13.732083320617676,3864.343303086551,2040.444070122886,70.52808452685616,38.19271278932058,39.8952998405901,34.00453215059643,28.80983134054496,56.230206384583504,56.80570226485747,0.53271484375,0.3282664716243744,75.95196702527048,43.81551121113675,23.766579838616767,26.080333498476424,19.04812831824814,14.964437803086884,13.354800811695917,12.646261907725254,9.271876227844322,10.453544865228118,7.605516755653102,7.089339496587056,6.621122195175788,497.2465691890766,266.8705564911623,5.108246848932343,5.11632537150843,4.911099037356189,3.6604011127311993,2.8020869301730884,5.849823357877518,6.811296171732064,0.0661531767268993,0.0633631015928257
810103226,male,-300.0127658369931,118.45316763673743,-50.15863601353546,22.93023730300284,-27.154340090723597,-15.224757949442916,-17.188762349396203,-41.66279434558893,-20.66415319865986,-14.996493181366413,-13.252168462602375,-14.09396191544157,-13.052705564317977,1337.5130218374472,1108.967550694399,30.276565714387463,17.61489621249164,20.77168084500862,17.93614033945443,18.84884184999788,33.54084716240707,37.28605531547492,0.1185580959148598,0.0475875009283653,-129.90480041503906,197.21746826171875,39.96066665649414,118.01808166503906,23.184799194335938,37.40103149414063,35.10237121582031,7.134934425354004,14.216856002807615,32.57704162597656,22.59113121032715,15.15660285949707,12.759726524353027,4042.916068631861,2194.8680471323023,59.88889824807786,40.38575305323375,38.51254262210719,37.40594801750492,32.987830026920506,62.7970446699334,62.87443988057869,0.4775390625,0.1886830627918243,93.04708041091872,45.85045036569113,35.46211379693916,29.68163393345605,23.315657968894108,16.512944012055605,17.895771355617786,19.57718838359556,12.967914189925493,14.647735136319843,10.545912740189312,9.248905808560494,10.40152660453065,514.9372884473612,281.329903356397,6.245573901606656,6.079172707250643,5.412413198501095,4.022499447323707,3.00241111849073,10.638950348943268,8.478407336986566,0.0632544467176149,0.0370656247236984
810103097,male,-339.6242996940056,120.69305762704171,-33.78542827986922,10.04097996656287,-20.11034659164044,-18.904749134999946,-16.54777890809376,-24.94743705697787,-19.848858017226082,-13.681193313185762,-13.76770070417837,-9.476752936394917,-13.920108644380377,1213.1167740870644,1052.9117698970672,30.465088936298294,16.411792735725413,18.94592407741898,18.705969556446092,18.602655234823843,31.045331045146735,38.25176966688015,0.1128057014993592,0.032615654224431,-93.33676147460938,216.02776336669922,37.021596908569336,105.62413024902344,33.49627494812012,45.43222427368164,27.01145362854004,26.867579460144043,21.763773918151855,28.960168838500977,17.519368171691895,24.12300395965576,13.44319772720337,4346.665982953933,2401.317013339568,59.94810683603042,41.791407637050185,41.71346119015978,33.801674623491,39.53447605934182,59.555287992606026,61.18886358954169,0.555908203125,0.17185241729021067,82.81058109925823,42.943270634894816,24.24052879505587,27.718165822868748,18.196449686458898,18.565661435083427,16.163220761231624,16.83712689992089,12.367166275381246,11.721169021205359,11.825322113499318,8.911100543129344,8.742828500043569,540.4602337076672,302.3759626457298,5.477526758933524,5.8252783443252945,5.570116287796724,3.5525639788342955,3.7071525185826735,9.663149061319773,8.891740862089726,0.0630074327698884,0.028088940983075
810102345,male,-303.6425250098791,121.38006876078009,-51.76146575034429,9.56633586210213,-24.63303457421586,-25.04874944056974,-19.55634122674922,-25.959377620020657,-23.390807742951882,-11.967388874845748,-15.892201749348926,-15.714928348346021,-11.476666497278705,1300.0378767084217,1017.4679853673501,33.25534596834585,15.16779780269527,17.77676651747154,16.544493525658105,17.737926085994584,26.534990784873383,36.58806006176247,0.1279107238051983,0.04243655303142705,-98.65719985961914,219.60294087727866,28.59904456138611,98.60131200154622,29.009665489196777,43.67659123738607,20.700393199920654,22.881099383036297,14.342948039372763,30.294889132181805,16.611069520314533,13.254991928736368,16.33008583386739,4275.550921127605,2232.0421509093867,69.162728838278,40.199734010753886,41.89123856575235,36.15321885495103,31.169347658747753,54.50754771032308,59.1913418412893,0.5734049479166666,0.21988752484321591,80.4461496761676,51.30563032820758,26.122115596897128,26.573578952912758,18.708297904501176,18.483258619472807,15.600432725002827,15.010868720161595,12.2741484895435,12.238056025730828,9.532573625258381,9.151029559874667,9.07809686873553,599.3373896372706,305.9372029970867,6.136304094539374,5.480052810639699,5.062587018035572,3.7477040376984525,2.8171736012390345,5.935182476951849,7.681278126574477,0.07488828260240167,0.03652231019662007
810100269,male,-565.766352049486,94.75438292953555,-46.167818325774064,10.863917416210205,-7.061366270504253,-7.121541876135771,-13.617635744934542,-16.52538052778218,-16.175158776863796,-8.614415840901474,-2.2314918508088457,-9.930361924570516,-8.097244551299125,1343.1038339387107,935.3928665324183,29.6324542453359,16.577842265181214,20.779330680962595,19.13297583695416,25.40842793631718,40.39727322493415,27.086761923863314,0.1297713192510179,0.00363006029923905,-301.92486572265625,228.17533111572266,68.62519073486328,117.51546478271484,60.604820251464844,55.525442123413086,47.19587707519531,41.2702693939209,27.668231964111328,37.50235366821289,44.446231842041016,35.85697364807129,28.943276405334473,3975.2322213986117,2254.64857580103,66.91943834444677,41.53917888110504,53.448700094139326,59.81679310725002,65.71403778688428,66.65043765477208,60.35998083987079,0.487548828125,0.02759268600493665,120.82955232943192,62.76698071045889,37.017317336347546,32.661984573666835,19.709690377343083,17.194255660648505,17.379635393335008,16.08559526710857,14.947231739427306,13.972521248164682,13.845550262286984,11.505543486846875,12.016225944925296,635.6196407142303,319.47878909165615,6.647596173080116,5.135806109635258,5.6750727589500745,5.319731855214263,8.508446268357126,12.31736771425064,12.582951834233349,0.07622299242823685,0.0035763182812723997
610399182,male,-310.3572568360716,125.3326681059865,-51.67983476087867,9.950162914679849,-26.41253590243443,-21.71650351103106,-8.592893479251343,-31.42780409767003,-15.276477328018055,-13.927874146980825,-13.60192183408413,-7.959913725172693,-15.962506868339462,1178.7256273816329,954.1721309635553,31.649106616124488,17.816473739146847,20.03511800026249,18.208297021198064,18.166982857777477,40.23001799184683,30.198414501171357,0.09817180998107454,0.046234402577257194,-102.40393829345703,241.64749654134116,64.85242207845052,99.14645640055339,47.05375544230143,34.2269655863444,35.06571833292643,25.24884605407715,23.289467493693035,19.598060607910156,19.131141026814777,27.406453450520832,16.838301340738933,3748.3180212078646,2140.24403527186,66.67620907108596,43.27663644761217,47.075299884438856,39.07740280352338,39.247258896612685,64.7828826758224,56.28042639601117,0.4552408854166667,0.23702353239059445,100.57397096702346,47.20505857325704,37.710714441853604,28.28137567973012,22.886189988967118,16.0945167364063,13.990277861195251,18.052172480249542,11.692342494262936,11.093878654487497,11.090238369375394,9.62045677133486,9.509159071937331,413.27352196341735,256.5873656049434,5.712423651132014,6.20828961382914,5.723404210663564,4.696565307610958,3.2064315816121223,10.432856182438886,9.764568817615354,0.05058733645325647,0.040672015204364705
810100198,male,-308.23995659543374,118.35685366885171,-50.985554414812405,28.843171971620166,-30.919854029286,-31.091915112056896,-15.621693217778992,-29.522250344965613,-14.926057154530156,-10.354533747296626,-9.569650387898873,-9.458857869885561,-11.87893748058768,1255.384059444645,1014.5829313017897,33.19329239858218,19.092420970243836,21.331089922367635,18.355488011805953,19.3121079651081,36.97672226259903,32.350111425824785,0.10705500375486289,0.0531440870962385,-155.10400899251303,215.6424560546875,49.889479319254555,143.908935546875,36.65951792399088,39.949414571126304,43.31251780192057,25.932261149088543,28.854136149088543,35.472487131754555,26.373825073242188,23.791179656982422,21.451396942138672,3838.175540563345,2168.709050462199,73.95988537999615,44.61060958888449,47.85398538309454,38.01564154053343,37.99221381988567,62.84051101569107,59.86943260419781,0.45556640625,0.16876415411631263,75.06038596773122,41.62613076435337,33.06742869676537,35.9092235684844,22.215096175010135,19.078962832263844,17.701375587400143,16.66585192500634,14.953006901939375,13.495686208461647,9.670805988716966,9.485579985091313,10.260552987651037,493.32977335831055,264.20862332949235,5.583486327939014,6.081206191198149,5.9866223792100195,4.37545417900033,3.511850960408095,11.34000165212984,9.731767471728887,0.06137990669310773,0.03538803769018654
810199319,male,-540.4769837044836,79.54211118062322,-48.3266942420803,18.272521670817618,-6.983151818603414,-12.502352984240073,-20.78281088403446,-21.441646233723127,-10.603072146788772,-10.201499730862713,-7.950322910886763,-9.645380660452984,-10.080367213789856,1052.7025879456555,763.3542378347579,23.867459260386564,13.34263907346687,15.642551309623801,14.421010189155307,15.327128141193612,27.74643662631467,23.487194928807217,0.10052418011597009,0.023813785073759225,-380.2427463531494,158.92398834228516,36.72186279296875,106.86128234863281,49.07174873352051,32.026649475097656,16.45100235939026,22.83873462677002,19.340989112854004,19.0941219329834,22.96712017059326,14.442140579223633,13.774206638336182,3100.219081162636,1707.3336516244735,45.90284097444181,28.877304128896686,34.50766259576402,26.817417180311327,36.36056111435629,45.67812468502095,44.869221872195624,0.3905029296875,0.10708268359303472,82.32011199568377,41.18777550465132,28.300563441183783,24.273669197916817,17.799940153076662,13.65633438870935,14.080599519800298,14.412503550066884,11.26743314671727,11.205476952653417,9.027125466741643,7.983181017093555,8.14801677123386,413.7156071785612,212.0807439547117,4.017864404331794,4.710157715037437,4.4222543435614465,3.206749553528387,2.7263800140840284,7.696212154531911,8.062078733067183,0.05640623664304635,0.018081938895779852
810100206,male,-384.99438000417,131.92199532345552,-1.8679858528885724,-8.67011653117896,-19.226379860928258,-26.246224923422243,-22.528828695620042,-21.990495988847588,-18.589283027954295,-11.908135119462173,-8.13408466990427,-9.937886942458999,-8.353448211368496,894.1267429280815,770.7584597812033,31.353721985267,18.02465766603631,20.55537240563403,17.860026075345093,18.03862984411228,34.66306952913598,26.100442276001395,0.0861938243783115,0.03131925053986005,-164.22235870361328,234.69964599609375,80.05197143554688,84.32574462890625,27.941750526428223,20.77603244781494,19.87273120880127,11.394026756286621,17.473193645477295,23.05926513671875,22.47620677947998,16.48213529586792,13.931470394134521,3329.3414468468127,2195.614346704978,64.51282034935241,40.60178406306499,45.47630588361609,38.68800914696688,34.7611068818736,60.296543559556156,57.02672222791841,0.430419921875,0.2164718508720398,64.66141284333924,47.25195412027294,28.469835525776418,27.573271011142374,16.95966012580726,14.09240985207137,12.261693059883441,11.14480354217264,11.034311776904861,10.833795193834558,9.225440205409157,7.773915550969688,7.6193115983985535,453.39566937405357,330.7945635662642,5.93130375107053,6.3117405371881965,5.980711439503573,4.293762080164454,3.10472097817844,9.331158473599945,9.610206763256055,0.04726617929194335,0.03030853863868005
810102286,male,-382.386595424716,125.16914083226219,-40.18500557478758,26.008938387466507,-15.792288957325171,-11.439551608656432,-28.507620604748034,-12.809016283957979,-12.47211221999786,-13.828183520319191,-10.854921982973774,-11.598759328161458,-9.50573265989638,1260.7073928002087,1115.8443043009202,30.721811417721575,16.21452723724249,17.670713998531404,16.15250002391999,19.134095132468897,26.660747301191794,39.395430331203286,0.10307970996608384,0.015344230778105076,-166.0274486541748,223.57378005981445,44.52732038497925,116.12139892578125,39.59156894683838,49.44889450073242,20.794610500335693,29.41184425354004,24.29756736755371,27.929901599884033,21.012888431549072,27.542436122894287,19.46393060684204,3759.77299448266,2242.968832226242,62.7508387604242,36.81110249001198,38.72974846816332,32.326893898143844,35.47118296777738,56.358248161106,60.03042847024527,0.4351806640625,0.07423118408769365,78.86762320150278,41.94220896996699,29.791697080717768,25.76533971922575,17.775717200092352,15.595432844815225,14.242522953286095,13.231458807526272,11.001094224145657,11.236165616086106,9.646116943005378,8.90700840999493,8.039662452949123,529.3130843759875,287.3153189165689,5.865343838759934,4.5857469611913135,4.666736265900683,3.1852673747328977,3.4143986906289765,8.235077735116917,8.637434019936242,0.06057079227263897,0.009046063539144675
810100130,male,-413.3683671828495,107.61389762074202,-17.178678865114176,11.23075568142497,-19.08792076766347,-15.970928967147483,-15.297444097179927,-20.606564195932375,-13.600338777141445,-13.332568526482632,-10.2731347751685,-6.464611883003785,-8.560618177956723,1121.7015441165918,954.7781790247361,31.919626819936262,17.82107796456044,20.462509006870658,18.268009993582165,19.644027467535352,38.991336868730315,29.407245740580137,0.09915003998290961,0.019071517186315598,-178.46600341796875,210.24900817871094,74.22126007080078,112.80498504638672,43.92809867858887,51.66862487792969,34.1256217956543,30.710243225097656,23.22818660736084,32.354543685913086,25.29757308959961,27.68692111968994,26.436102867126465,4341.516208222145,2411.2110216383153,63.64753174856301,43.74119510703308,43.906348779711436,37.583369033150355,45.704187114195115,63.40262767469335,59.206830478693504,0.568115234375,0.143836073577404,102.02005787549075,56.55493575778825,31.063603505355317,28.910955637684598,20.20575145495811,16.17444489778361,15.68931532257989,16.994300887250184,13.01880618838437,12.284473522075293,10.83352012426083,8.83793596973517,10.425398518466878,543.657068162821,328.77642367727054,5.550870980848854,5.911119216150233,5.57470128746918,3.903604264129581,3.52472777631227,11.461565307852226,10.828205366123722,0.06469850360212215,0.0180940492542296
810103183,male,-355.3293094663374,118.12399763063884,-25.48552177121341,19.104252939746264,-27.27218221527786,-27.275115478373817,-26.011812023487956,-11.482810906836255,-17.16325734640986,-8.585533544620656,-7.872502727556446,-10.14955798345306,-3.046752462123705,1265.1621137570419,1048.9313959483509,29.538977924549318,16.162808926206772,18.133198004601866,17.549079271891788,19.305665997190133,29.050989638762616,35.683587605099135,0.12067721653931256,0.032156582031692596,-125.06410522460938,236.16244201660157,83.81622772216797,107.91934967041016,37.70645294189453,34.69910507202148,25.85888671875,38.011985778808594,23.174938583374022,28.028514862060547,23.599788665771484,23.573620986938476,25.511959838867188,3791.395165505681,2181.5356394316577,64.3384876630025,41.5031828685012,40.56750963731201,34.940781405927645,43.19483170727129,58.20348611257059,58.247482545172275,0.47958984375,0.17490902841091152,99.3119831133919,55.73100768221216,38.68756183442257,29.985635731667713,20.73175933973915,20.08648745974265,16.157035860615263,16.042919582314877,12.968764357574702,10.160441297773534,9.737778620329554,10.156541833025088,8.1259011295309,657.1880656998885,354.39303267941875,5.940581305595771,6.029794958048333,5.008271947649923,4.183198082318529,3.8832517983394603,8.605644136217983,10.0093762390433,0.08393982194496818,0.028368128708819978
810199423,male,-395.401215261724,114.6850741469695,-20.729795584599778,15.000951679788653,-15.278313566186444,-21.142460892533713,-17.892166906955755,-19.454336159794938,-15.397088419222817,-12.382962294697968,-15.128706004557994,-13.951501425901354,-9.92697656480185,1143.4033940571298,974.7653499121764,29.782607229660535,16.697829063005397,18.88614319036645,17.8323902563807,19.299377700711823,36.124865137613966,29.8271692551419,0.0996261789325264,0.0175108227825547,-171.08847045898438,220.55323791503906,74.60217666625977,119.856201171875,43.59824752807617,42.47469711303711,40.574310302734375,36.682973861694336,29.77278709411621,28.711901664733887,31.999845504760742,26.10348606109619,26.142586708068848,4049.9078862281567,2137.188872019895,67.10060021010719,42.14787456714303,44.571797970694476,36.0674211050713,41.838074745367805,61.55603142613265,57.888883535175054,0.546142578125,0.13483995944261545,80.75492639228311,41.8415851659889,30.352032432210706,30.844624090434603,18.803165032501113,18.53395047997102,15.157822821458996,15.150542599090333,13.672485382617289,12.316860439831693,11.238921785692224,9.310534795383992,9.058859039634658,547.4802901421815,281.34571257869527,5.570680323756829,5.574649983601116,5.5503884287730525,3.5360747452113315,3.2017726048788173,9.84306889121514,10.580349878078657,0.06597022768378134,0.01716475559857725
810101560,male,-612.3710237126099,100.7063475242079,-30.568714186100934,-0.4479978952001058,-1.3528682414967708,-14.083424400679895,-23.074311786678855,-27.294986275433345,-20.03970351780181,-7.59847872448651,-2.853983222229092,-11.359323087962444,-6.367546411788486,1043.6937515931572,814.2106795928851,31.422088479727524,19.05355073890778,21.93754471822197,18.91061292696594,24.6475835904986,44.35232248241342,21.648151129782445,0.09805426778336204,0.00333176215303895,-351.6629333496094,210.49783325195312,57.656410217285156,87.69198226928711,51.94478225708008,30.98380470275879,27.269689559936523,11.068310022354126,20.398420333862305,27.4015007019043,39.712350845336914,22.317051887512207,30.66607666015625,3285.702277526031,2045.1270561837932,66.9794078096476,45.596335837040314,52.07617395564739,39.01033903720909,61.21104476597746,65.02938863622441,58.48304513995374,0.41650390625,0.0281601464375853,96.53179870756608,49.07938748622428,37.857012097426036,27.648415515412147,16.004570205565855,14.308500759303069,17.015530588035507,15.52067820062139,15.356814181418002,11.681705389971814,9.953756314908023,10.536031086306775,10.221500244999623,391.0031050816834,239.87066432047015,6.044846347597963,7.577382393255549,6.229303243373584,4.769361805993735,8.709332409273113,11.3515827562453,7.410784972179565,0.0533499840669397,0.0037518765248496
810102535,male,-478.80320435423283,135.23314867339624,-36.04381984404875,1.7880850760319145,-22.57564926067252,-28.172087137181137,-22.566458343190586,-14.58288822359206,-8.746640522055836,-11.380335529438183,-4.247586965473926,-0.18631504138635036,-3.4707334271706096,1131.7763096621613,911.8429768360706,28.366091444263777,17.601792447612134,18.455625283007084,17.95565376635224,19.94053317914614,42.62181291851414,24.14839869714063,0.10349994868740593,0.006741576919576533,-276.30408732096356,220.04908243815103,32.85243161519369,97.78335571289062,27.285860061645508,37.01648457845052,21.373437881469727,35.617471059163414,23.03818639119466,23.138763427734375,27.39866765340169,29.557653427124023,20.665491104125977,3725.2657838225255,2243.7876281032554,63.17853573385175,41.04548862510622,41.8237330856576,34.22477100664938,39.480453554500606,62.477622322178114,58.08024577914379,0.478515625,0.05261672784884767,63.1584386554402,39.67122707064652,28.733177533061497,27.997625022780678,16.764973201719755,18.611401981329582,14.917439908235727,12.247236644701205,9.712110834983065,10.283768780951663,8.853615638423664,7.951313823547177,7.753645043419944,478.8338635264308,336.91646867790945,5.80547674128358,4.925304677891473,4.896500329730702,3.489603937567807,3.5349332891386815,11.433934181657428,11.290913545989701,0.056008267853032805,0.005671599782905867
810100217,male,-446.74567316125473,97.91951734388712,-30.127569024123137,16.27218774277655,-12.66221439012266,-16.596783452213757,-18.689203951321947,-25.96690061006675,-21.644293662149444,-10.897004287650716,-13.810016085040157,-13.707276443940012,-10.542464754471373,1338.8264933006983,1051.0591044120843,31.482049512872713,17.681054216447322,20.718939247114967,18.28538570282183,18.688457608861228,38.239179865602104,26.96147039411323,0.1239677625503758,0.012335754879861799,-177.86609649658203,235.42950439453125,75.38278198242188,135.8321304321289,62.02931213378906,63.984130859375,43.693992614746094,51.22207450866699,27.120651245117188,35.15298080444336,26.60225772857666,22.42517375946045,22.240449905395508,4619.493138601354,2360.4652886572926,71.5465478365171,42.60256776210039,50.293650653869946,40.220557978034265,34.65772926368958,63.45559163956466,59.715288474622824,0.634765625,0.07982431352138515,98.57055817705097,54.1456822900151,36.138906260055606,35.024883225442196,24.370157578452858,20.70498608230459,18.201442226093395,20.211229202825244,15.762854618768955,14.341365758627003,11.616781365179365,10.834810158396293,10.51385671740389,688.0880761083282,330.7234764235529,5.318464906037567,6.5309568103610065,6.29607066148041,4.701935047097043,3.5762575350137142,11.72869310839063,11.502035352371198,0.0847734091905243,0.0104105328784063
610300070,female,-350.1788214602557,92.88791140486671,-38.37696337803329,3.5383164039309407,-28.491834402916986,-27.98029612964175,-26.09996324618598,-20.545853690087675,-8.630511548313393,-12.384522580577563,-9.75926272242368,-9.679787275120113,-12.85961835975067,1289.029976835823,1087.3885768107712,27.955573589802203,19.541347463135747,20.892261160341207,18.621354089639,20.084158882467364,33.73632140867727,35.245892654278784,0.1084248053474528,0.0305297939044978,-61.12236213684082,204.12024688720703,70.96891021728516,83.97389221191406,39.01160430908203,43.58201217651367,27.02547264099121,27.948963165283203,37.7006893157959,30.645959854125977,22.8261079788208,24.99340057373047,26.221309661865234,3994.460965959548,2373.512293718494,63.006438493324026,49.026734980377825,49.62131124508642,39.558140304005306,48.85542377662421,66.77275586932957,61.43840188418816,0.497802734375,0.2172281146049499,72.29967564413653,30.369244779010835,32.20652773311832,24.430129024336033,20.891803102639557,18.055058644168092,16.658737083366148,16.185334186368415,13.175586931507343,10.69594911418467,9.299473756339422,9.621210561644988,9.559213589562685,441.4201816431846,279.95587903430976,6.13433166915836,6.508435086044071,6.014758148670643,4.575201769011871,4.6135295348312715,11.12824693279188,9.827090381307986,0.0531208190650491,0.0276658915547112
810100075,female,-450.5084866893183,93.1352015213724,-18.966392755686968,17.49426139909433,-31.867223501423805,-36.02305334620476,-35.61135124057739,-12.82421464467095,-11.932484154444822,-18.05281749463029,-9.993719197795782,-12.740395873977839,-8.109594483952991,1278.3433162023307,1072.2175997466527,30.68657526470828,19.182624854490182,21.027353851619374,20.223260659228927,20.758377038303763,35.524301029618876,31.372957397203077,0.11786602521053509,0.015874135374473134,-266.1836395263672,198.47073872884116,77.08968861897786,126.52815755208333,30.08819580078125,32.24100240071615,9.51738444964091,30.485619862874348,29.144641240437824,14.591787020365397,26.267791748046875,23.8802973429362,20.73078727722168,4932.178857896847,2601.223455521968,61.52998852762966,43.09976636788667,43.6763643427469,38.71839020206929,41.99002202698617,62.880534366135,65.34413389847812,0.6417643229166666,0.08692055443922674,85.63261912937132,47.979625118216155,34.72762918271183,32.77246753583713,22.814198668480078,21.78434729955359,17.266822141547895,13.935399498819415,13.285618225424592,10.360534109853115,10.688903187971228,11.85425982463309,8.315390396273939,682.5290411185232,358.25510290680023,7.026350562194353,6.508029755604167,6.297292127063426,5.126639267197359,4.320865668176423,12.19734293321189,11.796786217117178,0.08227623387678656,0.0120345044176888
810100135,female,-413.46937829389987,101.41415511017077,-41.02962615899445,-6.608120057363782,-32.86877209031297,-30.02877869500828,-21.600294445640042,-13.226907337214726,-13.823794328095033,-18.0918976151044,-13.190559298823624,-12.315571560148591,-9.652549306088256,1242.7817499704154,979.379130421637,28.71480650167143,18.374208948019977,20.263405561874624,20.321912436566887,20.582528080659873,39.57734103610925,26.25177302036522,0.1172110518537804,0.02008094253457397,-184.91412862141928,207.3768564860026,61.109171549479164,99.09899139404297,39.47816721598307,30.76848793029785,33.65797996520996,35.76307169596354,33.57049306233724,19.37493832906087,27.76936149597168,23.862041473388672,21.684261957804363,4018.9690058798165,2234.4277813136573,67.71046715129567,46.140337932547446,46.208490797326164,40.65332245537587,41.96015814642208,63.04030169160285,60.68268813623792,0.5099283854166666,0.14242467035849887,90.28216788223376,46.24987972832758,39.563810570452375,27.59025980993378,21.522637165411066,19.862450135092427,14.525565416825367,14.653148377286925,12.21790164319191,9.626450379458374,9.939058379553279,9.954910375925868,8.027875280555548,523.9160022591572,316.5530462550482,6.815179303133758,6.5047518676824945,6.262396470561541,5.065591071368032,4.2229344633022485,11.562838681101162,10.791493058855245,0.0636520150030185,0.017462957800438533
810100168,female,-447.88952011117783,103.56759523644774,-13.235332449958316,-2.03148850895117,-33.287583749631196,-38.86149032477114,-28.352322950485853,-16.28897077206514,-11.624289392519874,-15.64960983375638,-16.3404737103427,-6.903394546065289,-13.760146337164713,1137.878658963579,943.6187777491357,28.741427883010136,18.83403510232495,20.343148110495857,20.589510685770662,21.241597380852834,33.64115493125284,34.962446645333365,0.10957645587905368,0.015958519090362375,-237.5208854675293,209.02884674072266,83.44958877563477,97.48210525512695,33.0216064453125,36.46008825302124,25.423331260681152,35.135783672332764,31.068418502807617,22.39994764328003,21.245413303375244,31.16132116317749,19.206708431243896,4680.4158269516865,2540.466027225467,65.1515786503487,44.12674422655232,44.27460689528737,38.87252739332355,48.219123154186875,62.112209236454184,63.7853662816695,0.6004638671875,0.10891247540712352,71.98927814981516,47.62518287222908,38.629705138917586,28.30348715072972,22.214584897100096,21.965181680894553,16.25453157700403,15.04401187991497,13.059367917515312,11.288256323685754,10.935887057264763,9.851164155275791,9.283600925126931,627.4303760004166,390.6303507090457,6.923008855524715,6.061344233560124,5.689726973856703,4.697506720261031,4.641828927158694,11.40455816658566,11.170606694731088,0.06937868152852045,0.013655139637622826
810100193,female,-428.5240872377532,118.95684119319677,-18.56204999368023,25.12044019633376,-26.903671870452275,-35.963733211827275,-27.079376737613497,-13.101573667469847,-20.693654200003103,-16.046625201869603,-9.28646090605303,-13.095862571503135,-8.894921369588317,1106.242893755701,1024.9761885301364,31.581752633794174,17.407755515746345,20.228207958752208,19.182303078546802,19.68307971782813,34.52021272883768,29.822054251712196,0.0887582100226192,0.013381753450509699,-237.2169418334961,204.2868041992187,58.6989631652832,106.32054138183594,26.12173557281494,24.359682083129883,15.809241741895676,28.990750312805176,18.762687683105465,24.000590324401855,22.07044792175293,22.049789428710938,20.999695777893066,3556.3337121461846,2308.2693726886037,65.41725799385067,42.36714591900426,40.388240461232115,35.103419631611494,38.79574975483557,58.63278362272126,59.361541545820884,0.40283203125,0.06812065467238425,53.24924166298977,33.8684683525385,28.56622824467287,25.439228766212175,16.09077440832664,18.899481021336427,13.641036195940707,13.608689038701142,11.54010180542703,9.626737476702067,8.819939584521286,8.589097363889639,8.077730180983387,472.28331201488766,310.80312817076936,5.828079751492382,5.15889651052132,5.0965919000707665,4.123038669382417,3.624962073528324,9.371395296995619,10.74621714577087,0.04952869086390275,0.0079392818238012
810100222,female,-421.7192096326708,112.37600943193044,-17.795704352854305,-7.557978658212221,-11.763122790751783,-32.7147975427899,-43.31700254859511,-19.40616602198655,-13.12084631779562,-13.35318406561731,-10.102602618252924,-8.211246080614794,-9.643524228525246,930.7777462908798,776.2808005096884,29.23611899870337,19.970287266551637,21.531864671313382,19.31932549513076,24.210566165864,36.100193761268365,25.45511465118204,0.0846738592702796,0.0254806330411731,-183.48622131347656,265.7462158203125,76.70970153808594,102.09060668945312,44.63459777832031,22.359901428222656,15.679590225219728,31.507164001464844,25.453792572021484,16.287208557128906,23.32962417602539,27.90624237060547,14.036731719970703,4193.961218536911,2326.6187457951314,60.50383921118,46.33119878574448,44.86409475658618,38.69986593926359,54.69306226532803,62.50268827525844,59.50808887030055,0.52294921875,0.1321424692869186,88.45206044964979,47.48781708559451,38.13159635772388,27.9354027950711,16.950271041540102,20.806980725413297,18.919905080721783,14.004875025822097,13.536505502363704,10.200466733946245,8.949793829507435,8.760764099338054,7.710683954992109,431.8475099441352,310.78844139931243,6.889703027952906,6.865422854828901,6.291034569668611,4.5188771150469655,5.802847991277355,9.433247824788731,10.79682138306559,0.0489347636762446,0.0224761935751614
810100268,female,-361.06056831574887,96.37219697328348,-50.38400619278423,2.086436873422411,-31.33719065612365,-23.490066832835574,-31.262737470672665,-31.314020126699305,-11.646541675120115,-15.621364325531884,-11.927631962838309,-9.942711989776404,-10.423626142320185,1363.5093666424614,1100.6954760871758,25.641259476339776,19.391996138269256,21.910165350550507,18.53806655068813,20.67532304161218,29.21640747138644,41.04566900922888,0.116725977378001,0.0281182619532649,-112.1856460571289,181.5266876220703,28.01137924194336,74.83096313476562,20.24855613708496,29.422399520874023,10.635982513427734,26.51231002807617,29.00888061523437,30.94957160949707,31.10406494140625,21.81019592285156,21.28988265991211,4362.513052333373,2263.1882668011285,59.217398090660325,43.43428333247953,42.9052147047004,35.58240084820764,38.2123500139233,58.30040038068096,61.544706274644255,0.587890625,0.2344485223293304,71.98542463568835,38.77637120714668,34.54719853745468,26.92607343768319,20.96863622598268,18.49606641274501,16.30886569785592,16.427989067892007,15.70588016972745,10.742002263122814,11.113217493776624,9.734603933508776,8.92618709539019,599.4581317896075,307.1548473610418,6.679079671868182,6.478927849048604,6.1616616999851095,4.552452097006754,4.006983420990914,7.395773985020628,7.440850235807762,0.0791242413516168,0.0255878527203863
810100590,female,-424.47903685026404,98.31927929236504,-29.966524161248966,11.181723848650499,-30.600801325103717,-33.52404608707415,-33.509278896514104,-17.346438412637337,-11.376981030799948,-17.314544015490203,-11.314099513402633,-11.07611722984649,-7.868035080893112,1190.4429448713652,1011.0715085288772,28.284751808952524,20.36623802520512,22.0517201643342,20.84898086886648,21.744841801047745,41.522061618797814,27.550873889199362,0.09981493173263763,0.018833068421844467,-228.31720479329428,210.34236653645834,76.48441569010417,116.46326192220052,40.97061030069987,46.15488815307617,22.003957112630207,36.1839853922526,31.13474718729655,22.883628845214844,25.329492568969727,28.403838475545246,24.85233434041341,4416.638837217509,2482.040389780706,72.00332303679477,50.200805470072936,48.96398362023754,41.99199555160245,47.40248917820267,66.9912620751672,62.655709674195144,0.5791015625,0.10289391130208968,76.9790062459187,44.33787633441299,35.3840217747508,30.912113048300473,23.816793836622406,21.611217709752406,17.231066172055076,14.83932264218233,12.895856266191752,10.112417294489973,9.538935621819341,10.361719815008406,8.461153629394474,556.8973830978988,342.9599006455064,6.60043128267048,6.733166123030203,6.817110400408212,5.100121729263025,4.863422892131724,12.209954549029469,10.733869680108972,0.06373289222800531,0.013626663101942068
810101456,female,-366.80461805294556,94.20530296225164,-28.31330924618046,-2.188500491354067,-19.750142292018644,-35.21071458457423,-24.924521105165923,-18.97084654791781,-15.418449179202693,-14.842070785630666,-16.271065405778614,-8.544176599482494,-3.8076841151801175,1051.6576721613517,859.8973715012437,27.335666389722277,21.56842878840765,23.289103165353723,21.702033070115828,22.486429620952023,37.130580447535934,30.58346925768244,0.09240769114819165,0.04629216000932235,-128.21206283569336,206.73300170898438,69.18061065673828,100.4931755065918,44.96208190917969,30.419089317321777,26.723243713378906,29.75902557373047,25.85050392150879,26.92142677307129,34.82490348815918,51.427988052368164,65.91383361816406,3796.9401220617933,2409.7862940998125,68.51302733746124,53.37138407701112,52.22792284215399,48.168912796665246,51.757556721236654,63.913256297531966,60.60581185453882,0.45361328125,0.29139322787523264,83.17583437757233,42.875047209370024,42.65899025543686,30.663685963980207,19.066009178150125,21.91309140403734,16.330450429874052,15.789714543899706,13.176623291653552,10.545328607969656,10.763329445092541,10.223736048053555,9.219406866180616,449.79451942860396,315.93318329154215,5.5954587149349155,7.503489776625784,6.780383885304268,5.3406375319165775,5.14973666912124,9.602615375645584,9.290871679988005,0.05302792817516075,0.0385895182253415
810101471,female,-516.4938711582929,100.5699358725642,-35.43311890766196,9.357618901857183,-41.36873291940696,-41.05891943789334,-39.62674130556741,-8.919016475782826,-2.941024913827236,-25.526230163409792,-20.72405435030145,-7.61760784840618,-5.374479283675037,1308.0642614518024,1061.5947074681549,30.72433488239026,23.269264069630506,25.446735918307173,28.91363095619444,31.58650392645704,39.82978728325086,32.753425829837965,0.1160751167385057,0.0091564012651291,-332.71514892578125,196.6191864013672,92.80646514892578,103.47665405273438,27.67172241210937,39.29850006103516,10.586359024047852,76.26911926269531,54.11882781982422,19.97390556335449,43.74608612060547,35.310096740722656,31.21376037597656,4976.588361428339,2766.108160355337,57.73560263732218,42.39753809195579,51.59841481367913,53.71881123023445,66.44419578934931,60.25662390008858,61.6358291024132,0.37841796875,0.0331800207495689,88.55494249291053,44.557743361144325,52.12865118526963,39.27410455585272,26.340565737951646,26.62276545128782,23.444831639982425,22.008528231884974,23.872294883779368,15.660368313429284,14.738824616189186,15.068816994922257,13.00627567995818,666.4585087729289,474.292820988914,7.0658697671554735,6.308410047073505,5.889117732700289,6.682331711987858,10.175615300172671,10.721432603740142,13.607414293673846,0.0666787164414618,0.0053566197042004
810101551,female,-321.56353035726494,119.73620422006358,-26.36573323124823,-0.4381099506019874,-42.37489956736008,-32.78451543220366,-28.682883161322007,-21.88348887836807,-12.295716098445043,-15.150170213860989,-18.753556462469078,-13.69947378005054,-8.907397107877552,1084.795281000231,969.7981186925055,29.615266432882407,19.854974808772166,21.8642761964232,21.867627240159752,20.317233590280864,32.8255326133224,36.27688417213442,0.0967492446714077,0.051495767488850895,-134.76544698079428,216.99299112955728,70.73665364583333,89.41748555501302,23.498734792073567,40.35174306233724,21.18125851949056,42.070838928222656,35.73319753011068,22.92961883544922,17.960700352986652,20.33991050720215,28.780145009358723,4960.385497510403,2610.9253955596955,72.9611837039658,51.06783351198474,50.57287622053141,42.167553994401345,38.875230069345335,62.160839298590105,64.64914299873676,0.6692708333333334,0.2024361540873845,58.44477351607619,40.51586891747979,31.871759462555342,27.687497328119264,18.862880110474745,18.697908687008834,15.336115705721122,15.731348899345242,13.660878446770814,9.331502904651282,9.348661096985735,9.48552786180091,8.075941242225625,567.4632137477239,375.82642611361575,7.025643562899777,6.585074551422461,6.25920091227619,5.012748667809726,3.7518475420730724,9.869457765494289,9.040636159950592,0.06469440974274043,0.030594061687428703
810102017,female,-526.4818870070503,79.29278123622879,-41.252106322600255,4.335922898791052,-18.450875707700476,-30.44452079187671,-26.444160774557794,-9.246901596212307,-22.02091530173364,-22.751010523962506,-9.029638199263065,-10.28226762368306,-7.563917141842208,1392.0083452574343,988.3026880097583,29.830971902765544,20.236829197657812,23.27825803182462,22.01674061939135,25.366593347932902,33.62907014403396,38.90978745047967,0.12925373821806335,0.00560577181995004,-279.49291076660154,199.03378601074218,86.16631317138672,129.80215148925782,46.650553131103514,42.62958450317383,39.011653900146484,52.54782638549805,34.744073486328126,25.394615936279298,31.2485050201416,32.01417617797851,32.39438400268555,5258.447826576735,2531.4382796602167,64.88697318048243,45.699924872554966,54.40269238621697,66.76495587909668,65.09290123760465,63.0478528924232,65.02765407249328,0.64794921875,0.042904532141983434,100.71314545719213,58.39272028385093,43.434275256159296,33.220204699310145,20.179519990730903,22.507652417969098,19.447203595479557,16.51013195419106,18.796518101355467,13.907755569498738,11.021220855070563,11.28375688563074,10.196213737762118,823.6170390626872,449.4809938032157,7.833441745656482,6.751934389888552,6.797544508277964,6.518367811379269,8.37772127603576,11.767315985634028,12.017092770993461,0.09727211751663407,0.00481584593762598
810102027,female,-249.72762026262274,114.339999756651,-46.459120226103984,15.142325522611788,-45.514084131485006,-38.355956514678105,-25.913452110945556,-18.253155506479672,-17.441376482566127,-17.584528251644585,-15.591310538145333,-20.020176425329318,-8.94256204487548,1206.5843865844815,990.5819799791839,27.10518111035043,20.042338106077814,21.813699447639486,22.775278004718164,21.61274709925324,38.606417583376604,29.314144685862807,0.10037625925963505,0.0927242635109527,-78.64764785766602,212.07011413574216,72.8517951965332,111.8977279663086,45.21070098876953,42.47445869445801,37.96856117248535,38.355838775634766,34.839168548583984,30.91505718231201,27.55928611755371,28.643587112426758,28.437458992004398,4258.398676806737,2273.1598671141164,67.55730299241372,43.35872610417651,49.37398429365935,42.6616005642944,46.980383308894766,64.84514530139143,57.444428184458985,0.5009765625,0.30313338339328766,72.23964670589504,39.73262353322882,40.75866036377545,32.564935448165556,24.25669601101891,22.48358000486234,17.133917165923382,15.168896315449746,16.25410381429817,11.487246425082937,10.880637773944496,11.208367228422532,9.79166080852563,480.4779972288552,295.27384805636234,5.303726238895327,6.154764466681131,5.6262827220227365,5.4244805564392955,4.6548808353256295,11.24836702432394,9.88841421986432,0.05597504970683235,0.0521776973622712
810102087,female,-443.73577803350827,127.52095858861834,-43.47811139519737,-4.737746020164287,-29.114698324059788,-24.614451153658326,-22.445717926121883,-21.652960617378564,-21.087102855422458,-12.564234139828011,-21.74341859820336,-19.067755904593184,-16.133039194357888,1129.962801309955,1001.9690551673926,29.71337445795271,17.611531412787937,18.49231927368793,17.293463663195293,19.08950200208437,30.547145910143314,40.300882748377575,0.09536299649316089,0.012547917380618034,-257.2928415934245,216.99960327148438,26.25494130452474,69.48359298706055,17.79492489496867,26.584550221761067,13.068007151285807,16.374116897583008,10.841419061024984,13.978436470031738,6.0220763484636946,12.507445017496744,9.852010409037272,3655.8630075140572,2151.56010271463,56.1845270813057,41.12367773055984,41.14642341155915,32.08036520093568,37.48946081061256,57.784841788911926,59.59523541644643,0.42919921875,0.055596859504779134,68.89383564311683,44.390886901665596,33.16915898884901,25.61240046437993,18.958065648525622,17.89409365699623,11.545583345438862,13.492460278965638,12.570195260855149,8.538077663799472,9.494936784425152,8.86041343186966,7.736482821727795,528.4610652558124,343.10413240068186,5.901799556565777,6.169307724539426,5.662482397778855,4.244680969542821,3.9539917616975377,10.13371716660153,10.63148296267073,0.05993650789855087,0.0084542038517252
810102148,female,-447.5519799101768,99.99444020366482,-16.89217286768866,-1.9461123984945718,-27.9588526187733,-38.43745257284005,-26.45445905075702,-13.958162882322952,-10.320972495995557,-14.272563479493865,-16.318732606558914,-10.620611246821348,-8.656805138077354,1151.8621085159416,927.4579031092953,29.831832584873112,18.988063270688645,20.006163436992118,20.76248296882422,20.461132373422885,36.527212181730164,32.543480244689924,0.11569888437207154,0.01678888528075085,-204.86101531982422,217.41586303710938,80.93806838989258,105.8064956665039,50.3165168762207,40.45538330078125,22.255384922027588,41.644012451171875,38.09891319274902,25.680028915405273,27.442129135131836,29.12906837463379,37.668474197387695,4383.104294413633,2569.8018517870905,69.96288658705751,45.7301048882612,46.487274148118544,41.28648792043442,47.40777760448667,64.40410227552104,64.02089713625229,0.548095703125,0.11221938580274575,87.78851303199411,54.452981263911575,40.27972426770975,30.865618449260253,21.796928225834453,21.233936343161552,16.124455966115033,15.321501815854969,14.146811276068851,10.301302305534996,11.05308539322853,10.564184886100605,9.297119180688622,592.6619342834043,360.8892778458704,7.127607093433275,6.352867486406487,6.148830086696931,5.0138671337167935,4.444497273926221,12.231504386034056,12.00278295943726,0.07016937069722046,0.01490158940832925
810102327,female,-324.43344886466565,122.39123612954627,-51.01528330191248,9.606635613889706,-20.111645045557978,-37.497750532583176,-26.00896425185299,-14.33267460881904,-18.400233863032888,-20.094059070532094,-19.40330011135254,-11.672865458587642,-15.436188310615925,1217.712612059847,950.9245505809062,28.612109440390693,18.052674857626204,19.48529021769734,18.04540333469889,19.92909573833353,30.025373332372723,36.17488289844882,0.11968864697306403,0.04770385922041243,-159.97144571940103,230.67801920572916,37.60215632120768,90.64638773600261,40.30988629659017,31.029863993326824,17.441150665283203,31.424177805582683,17.030846277872723,13.917465527852377,10.469077189763388,25.818335215250652,11.701844851175943,4015.4203390614152,2316.070165696574,62.32161498240337,39.74852299163703,39.74995207912831,34.427585810146965,35.49273898854606,56.531804103526646,61.13300601554852,0.4798177083333333,0.16472378373146054,83.13010405443417,51.07648537039065,36.84552389769723,28.373382002723606,19.02223920792004,20.747533545586993,15.181445659543419,13.79192784508779,11.51456909422788,11.60634721466746,10.30754193804323,10.698026719484508,8.65946326550077,631.28121851351,341.98565014629656,6.670136273669016,5.869852804263485,5.991165845056415,4.448381327723083,3.772770700898928,9.327845986352429,9.30518141264054,0.07610468933181543,0.0312684495402524
810103093,female,-430.39430814947985,101.71214335351912,-51.659565392114565,7.690861023449894,-26.809401590955577,-23.080984786056877,-27.321357950804554,-15.83157219907269,-7.298192823131653,-11.419822438356427,-11.489951222501963,-8.055675623950005,-10.26635818962549,1340.8637919579144,1084.926912945321,24.299317087398254,19.89027704224841,20.693793068811708,18.463520570400895,19.848152508534763,32.64324959108952,32.99409588787091,0.12189083388094363,0.012560391897331767,-226.50242614746094,235.96375020345053,25.25709883371989,83.138916015625,26.405399322509766,32.4338264465332,13.76175038019816,30.437196413675945,38.56676228841146,23.665028254191082,23.22033945719401,32.04717127482096,28.93649387359619,3983.674633136696,2301.2726518165787,58.73135937658589,43.58824814976041,46.04467149833189,36.25275870807783,38.9769962708505,61.40243513143764,60.814346811140446,0.5087890625,0.06509469697872797,62.91446514408627,32.39233854749218,30.022217390164926,24.093033098487783,19.63213180974908,17.03776094302868,14.615981556856624,14.22498732173061,12.932874968408191,9.906692412853578,8.677977928806802,8.698237930507739,8.534756231501062,499.5111473314646,284.8841080044181,4.8261938109148295,6.724385786652835,6.449432826306688,4.755991056548777,4.0516365521854185,10.107061497661354,11.96425846905987,0.06409733272339647,0.0099459511586849
810103123,female,-483.8026186471534,103.57887283680307,-53.43924357083792,-7.798528379574705,-49.823606677988835,-34.30383090798951,-30.27861381224153,-22.777967079645524,-13.693002735119068,-17.73157426376161,-14.75696182926093,-12.270802634343514,-6.214409847289435,1257.0748269114713,1026.155232962974,29.812779887734145,20.67952800866285,21.4589757030717,20.835774495596922,20.042644301901568,40.493834831812286,28.44163964854487,0.10591970945645798,0.008295589023625701,-253.62613677978516,181.8150291442871,31.19667100906372,71.9011459350586,8.242169380187988,29.949755668640137,9.690017998218536,18.804255962371826,27.9496488571167,16.0162091255188,14.182242631912231,19.500829696655273,19.863117694854736,4032.021955850634,2343.2547179059575,64.46911659363971,44.10627016458471,45.37564941556361,38.29299809219633,39.91346827005421,67.3742911516854,61.52988945391771,0.4981689453125,0.042450176551938,61.96527821894433,34.08427815324835,32.88089658319567,25.92136115957262,20.08432893045342,16.319296928945256,12.592560814211833,13.534164701026764,12.945137134080731,8.761944119028657,8.238532109159173,9.079134644346707,7.410728817741146,493.0621340956702,313.70954126978586,6.803527732724682,6.2904809473125765,6.2297391062092,4.812755966538868,4.102020033578113,13.164363994572845,11.61639313586797,0.05693392941304798,0.0059714927377078
810103197,female,-518.7591076197256,106.69824943908083,-49.34636685269305,8.64580201697216,-26.58399317332903,-21.916191958729566,-31.007452228019748,-21.34007184081682,-17.17755114043644,-24.407371810753535,-3.381643047002201,-3.8016068116166344,-5.191015651186334,1303.7661123624673,1062.631406175034,25.697416646612407,18.623525795720997,22.413883421930436,18.22181326799229,20.042034360430137,40.75202455658927,27.187257156873184,0.11575872966838013,0.004630651601196799,-314.84856669108075,197.01691691080728,19.661308924357098,78.08687082926433,16.998161951700848,42.39311218261719,11.469371795654297,30.6317933400472,20.55978234608968,17.44278335571289,27.77280871073405,29.43607012430827,23.447242736816406,4062.236404249618,2421.947915825907,62.282118610992946,44.39911976524987,46.81079988797936,37.31005180233934,40.237110808472586,63.02828925508231,63.18541968599394,0.5323893229166666,0.025606838986277535,52.38622717176393,34.80030283158949,24.89529450021186,21.669955994438137,14.971246023862136,14.552049322415323,14.304240397906051,13.463390277663036,13.329525512279515,10.57284851089094,8.57892343485932,9.110513760911259,7.598658924924634,569.3365283666267,302.53075935529495,6.393268687582208,6.556682488097608,6.102104800439427,4.048412921779061,4.045980047974161,12.536184843924005,11.467938909880779,0.06926650977559178,0.0031653931881475664
810103338,female,-303.2049887964281,101.46731191600784,-44.54578540278599,13.571409379128935,-33.945243825498274,-15.888000367304024,-18.628740135113063,-15.924698419414334,-10.390037643126512,-9.183829947952496,-12.533762819585151,-13.101308135372602,-3.391803426226064,1373.6944808907133,1092.4693368472629,25.71264032173769,21.02459174136513,20.710864025399,19.33856610591588,19.61019566316908,35.5301306891632,31.30425089837869,0.1097739009533898,0.0430621230808351,-136.31558227539062,187.02542114257807,59.32854843139648,105.76788330078124,39.93946838378906,35.79403305053711,13.51752471923828,20.82345199584961,14.955649375915527,21.39063262939453,14.64317798614502,10.352544784545898,17.91720199584961,3744.524972980089,2364.534247089922,54.57553441927272,42.34047887857658,40.25536747692093,33.46517005864441,30.477010804821766,60.67058293276445,60.23264894993827,0.46435546875,0.2201381474733352,70.5045410581994,36.79992570933192,38.98939678390307,32.9776753033542,23.14421198859957,17.47720806827793,13.310131554802872,12.57394064880475,10.324788828982555,9.744208970850584,9.051678347801458,9.357119587136996,6.554215470215671,584.737868551425,340.02227514619585,5.168610588691533,6.975489446356557,6.300842256826974,5.295683888277941,3.7695441463867754,12.9468534654469,11.517379953342653,0.0787290958621425,0.0313469384404715
810198554,female,-355.7080261864896,111.26210695569478,-34.49337714141392,-17.329543542718493,-40.312514528774095,-28.63082573963581,-27.840430731611743,-22.015235046649657,-9.04026850096766,-19.96503471348256,-16.55902714079901,-12.093576545215804,-11.331024500473603,1087.212665595411,880.9885142379796,27.498001288328325,20.027532984367326,20.88672120208914,21.209487024931473,21.536030511603364,39.87596532381578,27.025312957436398,0.10101168316072935,0.04378170422673585,-136.7334747314453,210.37767028808594,70.66296005249023,78.26909637451172,15.615837097167969,35.93196678161621,15.07282829284668,20.118837356567383,21.662677764892578,10.009992122650146,16.524744033813477,17.96798324584961,16.721455574035645,3661.3549641772797,2178.5911709149505,57.84732633127666,45.7226106553329,44.01637453500913,44.007364886639294,41.08908010299081,65.23805958473238,56.52323813827541,0.453369140625,0.20905955880880356,80.37833100499773,44.15501517359296,36.07381865239036,26.566582915540877,21.22624336672832,17.637629244551803,14.220691125867365,14.021397788788246,11.893612967500736,10.029383184946699,9.294324871773195,9.322862417029182,8.830142498553496,486.0313223219864,316.5776941449882,6.361595863347595,7.133928690240793,6.7943350357699845,5.5046248675733125,4.686784736394618,10.264835828451728,9.620305201860965,0.05492804422787835,0.0359164439554895
810199489,female,-605.6274826063739,85.00464572135934,-51.693285044958316,6.329698927616407,-24.700274966538114,-15.925013071345601,-19.338547612995885,-18.864326321956305,-5.03331298382285,-16.33651530838336,-23.826063520223432,-8.916960686373308,-6.24496525366769,1388.4157836347586,1109.4699209918726,26.233795963837913,22.72051149769286,19.986528733731816,18.4190568374136,19.918780712849305,41.43464099454934,30.971614482131493,0.11646224288998186,0.0020552530262652,-372.23439025878906,193.78509521484375,34.95772743225098,84.3258056640625,33.0115385055542,50.318870544433594,29.045852661132812,32.72894096374512,35.936641693115234,24.98829460144043,17.3972806930542,34.34824752807617,44.864009857177734,4088.65248108875,2247.3926130076106,69.77552370628334,54.15827313244665,48.061340701945824,53.155685729073745,63.57666976400511,66.94685942672449,61.73451171756993,0.525146484375,0.0178054464049637,59.57110013001415,35.039403156349266,30.052774277568137,23.06030294172558,18.655514425784347,15.568492991293962,13.366336734609082,13.212248159048897,11.513519263455354,10.818164940908112,10.64701988223484,10.584905302636626,9.610177618357923,604.8484296260026,270.49223774606116,6.230075773417273,6.990232095050654,5.511544799085847,4.479501851708155,3.9728279597125304,13.34030622242146,12.224551304570888,0.08002194677469454,0.0015192719655916002
810199570,female,-444.841883942059,111.80159703315952,-6.238880228624152,-6.618226092211562,-20.862111361095657,-29.160735591154253,-32.25704830523171,-23.596705139355265,-14.640620301144764,-13.582468322672446,-12.984516131085728,-12.131227673707981,-5.879691145647115,895.2726883497329,814.3777156003677,24.458897487924776,21.719995833368966,22.907959728307276,19.966422188593288,22.209579660129716,41.58685462090859,26.658003018990637,0.07803186453928902,0.0216707775193965,-223.83418273925778,219.62564595540366,79.79525248209636,99.32227325439453,39.07968012491862,36.533257802327476,19.426141738891598,22.538279851277668,32.82955805460612,25.776926040649414,27.513264973958332,29.15522575378418,27.856943130493164,3892.7326182443326,2485.059520891414,60.864042783086425,48.27770091226167,48.374001458889495,40.247877562455756,52.93306475564219,62.24672478648179,62.033463611204944,0.4443359375,0.11625943332910534,65.2247198754079,41.473427322387884,31.907926149287857,28.40950769173853,17.259616084952587,19.350409454338774,15.179115214150139,13.521418002558576,13.918131257003123,9.554145470305373,9.650782108276118,10.437539058165628,8.228847536909328,439.8037750272545,320.5108942279981,5.0350349462329325,6.3811799140794,6.298576883294429,4.735402102524023,5.106289389191861,10.686268802747184,9.226853072965705,0.046652144925428074,0.015480392896745099
810600065,female,-421.0641366676367,100.49734058350742,-21.080953480115294,6.512030561177447,-29.596783389572682,-23.63282305377041,-27.57467821094689,-20.61158215891974,-9.918364152420398,-14.466721930890666,-13.190182235916827,-8.683098635787534,-7.439899770240631,1168.5284383674411,1003.5732471584964,25.645099989368607,18.645280549421877,21.26770010788199,19.96968974276097,21.149558944920738,38.879343996303,28.070454394347358,0.10052194800627215,0.020137571414614558,-179.93905792236328,197.235302734375,69.12637634277344,99.71759643554688,27.383251571655272,41.7300048828125,19.21606912612915,22.999576568603516,32.22980270385742,24.17047119140625,21.49108543395996,25.94295997619629,30.540589904785158,3830.967985660421,2259.730741816834,59.0825726126317,45.01111025689916,45.88416129045834,41.6832674970653,46.82932169839775,63.47437180253344,60.49071963211801,0.46875,0.11108225733041759,82.5950458202244,41.554557475693095,34.08104286179741,29.074521992981936,21.928919566504735,19.13133026867923,15.876759948077984,14.912354326845644,12.992610269465564,11.870879417693809,10.156948217775568,10.058870710495544,8.334513803912543,520.1656884758709,308.25724540885363,5.503447537059424,6.49037804630524,6.539195012835329,5.1501048167724175,4.737701969719918,11.553804673442675,11.100002165836191,0.060063631934165175,0.01721808778649282
810600088,female,-628.395204968072,97.18713185910786,-15.99240545828762,0.21725171765943818,-10.09298142735921,-8.779920950083163,-20.012008821212454,-15.997376293213648,-6.73337030689693,-5.151301411168931,-18.178910870220847,-8.070479824907077,4.111072226861911,1196.2828937045388,840.1640332117149,22.61063798875105,18.585536599379346,21.22809121534801,22.55308796953497,31.36879987315287,40.68198636229792,23.777894640976108,0.11771732594434885,0.00206963239134175,-268.4523239135742,227.02544403076172,102.84461975097656,140.3911361694336,71.83337020874023,72.2996711730957,35.778656005859375,40.671607971191406,47.904541015625,46.810617446899414,28.28915309906006,38.531982421875,45.222673416137695,5247.083332474228,2675.269748630506,55.45952622465068,41.63460731036647,53.490594683736724,59.74221913153242,70.82319849962443,66.17408364577585,64.9062507631163,0.677978515625,0.0221100859344005,96.55503329227643,64.30787535544181,41.305360040821625,35.461739578139664,20.61411375440135,21.160320001787483,18.29594036350551,16.738493578759314,16.971123946376533,11.165584102630255,13.201121642346548,11.609181555692981,11.306166371217842,810.1915270935399,411.40019496305086,5.628184218354216,5.958756801392914,6.849975957054729,8.52257256659674,11.59849445745087,13.73971514754003,11.659954002413656,0.09349567863871044,0.00180696034850205
810600097,female,-338.9080556726959,102.43197323507566,-42.286643489562366,5.982144875252915,-26.15214753008213,-28.704817287449703,-22.197184101023623,-19.3024006147081,-12.916529331649048,-11.804423649185708,-11.425786745624631,-11.55486569084351,-10.179248047379966,1253.622522657799,1024.9748714635757,27.65235846319299,19.713643742596258,21.357858396183886,19.093468663295667,20.44331595418249,34.145958730788905,33.301363139312784,0.11251739710356731,0.03895704246551492,-126.27636260986328,213.8358581542969,53.38103408813477,95.16637268066407,31.749421310424804,43.51466293334961,22.657470321655275,32.04191780090332,35.55884552001953,28.100474166870118,22.075516510009766,24.640287590026855,23.323776245117188,4108.333415324074,2361.5101281481893,64.95178396982587,46.90238827423189,45.57839265102737,40.150968248740845,44.00460660374476,62.43534073003984,62.15760922665315,0.52587890625,0.24332127571105952,71.22230532291181,40.39875263461891,33.53036267085079,28.600796766832378,19.232340502578797,19.694121904995754,14.613422138148701,14.422807022880761,14.424072450931186,10.610897671478929,9.48386485412386,9.68299223609992,9.224774806875526,533.7652351047752,325.3548638513595,6.954034735072591,6.853234906555194,6.476994255351992,4.89971695422137,4.436118500792569,10.995529788802182,10.98575482542075,0.06515751826080828,0.0325514108159551
810600133,female,-424.8503307071367,84.24643000744047,-54.94581726106014,17.01965275901368,-37.940770005995404,-22.070725275495974,-27.548185976429256,-11.508296836945021,-12.602886471684798,-16.58651561424921,-13.188417862140279,-18.447014844363625,-6.829221793223689,1538.0481543899684,1218.0823242101235,26.412183359219455,19.288104800632794,21.532143471265517,20.807028794783758,20.564996098639355,32.610799299611365,35.3199938571563,0.12952825012655492,0.011876620129990233,-215.71505737304688,175.42810567220053,23.714196523030598,99.72836303710938,19.47408962249756,30.40665054321289,23.46624692281087,28.43934377034505,28.34834353129069,21.908538818359375,22.147444407145183,19.023696263631184,26.425519307454426,4041.0515535443515,2238.437594436605,63.978325685734916,42.576033138620105,44.68715868326706,43.795789052612044,40.750795762536484,64.32488813291359,61.141366591842775,0.5250651041666666,0.06994321693976717,77.45247551678413,30.59202226816456,30.002176413742358,24.711906402807575,21.581468475340667,15.408618740848889,16.205768510754428,12.582000649582419,13.944141430275314,10.848086140167075,10.154352072340293,10.543879537269044,9.283548875999687,463.7286513566549,234.680247403158,6.059415074065668,6.499710781785403,6.372093851819746,5.5564998951797975,4.709000948574862,10.977147142947992,10.817044970144304,0.06075269431565194,0.009684383033722634
810800024,female,-527.9352786527043,101.64659803802942,-17.684899845013494,8.573005742112947,-10.00189248165279,-1.251855534875809,-16.66598199891765,-20.051409500716417,-16.004119058036142,-12.645529558356548,-13.266513126639495,-12.84347168998575,-11.427050795907164,1277.6091337434111,1143.444052063349,28.836184575348017,19.320344724923345,20.20764138551037,18.014012952062714,19.72931556650069,34.005774178177354,31.67668926466291,0.1039175290113304,0.0064649184197863,-114.06488037109376,199.3009490966797,57.07485961914063,91.28972625732422,48.173858642578125,60.07295227050781,30.09019088745117,30.614643096923828,20.06368637084961,16.79281234741211,17.38210678100586,12.160218238830566,23.95092391967773,4295.849971394155,2384.694705005607,61.9635789538508,40.25993654242257,45.27825236368661,34.71284407493885,38.46359673711531,58.18671517301909,60.26519846731684,0.548828125,0.0555524006485939,83.46585177653392,40.0314656966212,38.97785014614079,25.16775567090103,19.75710107110953,17.355158094562523,14.408998893764975,14.993275369105476,11.731582665671947,8.807276172245274,8.990414020892375,8.03774136538023,7.808601704127647,642.6141496384826,357.5845529249322,4.582884491361218,6.089192668026306,6.15996712838152,4.622621576646748,4.58900188557646,11.639950210754543,12.862791778580704,0.0789714778749146,0.0061801587009795
